-40357365482.91,141473545745.36,147117235885.14,3.02	-73268873897.35,231667266956.23,242977469040.15,0.72
-42867950515.72,140727950519.73,147112260668.18,3.03	-75086214415.45,230947852629.87,242847380528.57,0.73
-45365015619.76,139938533054.82,147108047623.90,3.05	-76896402310.42,230213220970.65,242716261914.95,0.74
-47847809455.81,139105535009.25,147104597956.45,3.07	-78699306523.75,229463454499.97,242584125198.62,0.75
-50315584882.39,138229210457.52,147101912651.63,3.09	-80533746186.77,228681843925.19,242448076948.24,0.75
-52767599144.44,137309825821.67,147099992476.70,3.11	-82321528832.86,227901735687.50,242313918788.73,0.76
-55203114060.82,136347659800.72,147098837980.26,3.12	-84101638427.38,227106749083.80,242178779139.67,0.77
-57621396211.09,135343003297.82,147098449492.14,3.14	-85873948352.06,226296971269.77,242042670228.70,0.78
-60021717121.20,134296159345.20,147098827123.30,3.16	-87638333118.63,225472490510.86,241905604335.62,0.79
-62403353448.30,133207443026.75,147099970765.87,3.18	-89432759258.92,224614993362.34,241764583162.69,0.80
-64765587164.52,132077181398.48,147101880093.13,3.19	-91180742785.59,223761061155.60,241625620215.27,0.80
-67107705739.89,130905713406.65,147104554559.59,3.21	-92958155132.63,222873662294.08,241482686646.55,0.81
-69429002324.17,129693389803.65,147107993401.08,3.23	-94689238697.88,221990652682.68,241341877434.62,0.82
-71706335841.00,128453050933.29,147112150734.78,3.25	-96449132616.75,221073738675.81,241197083553.32,0.83
-73984112691.19,127160506626.58,147117107693.94,3.27	-98162827181.88,220162034230.08,241054479229.62,0.84
-76238989603.79,125828225091.55,147122825440.17,3.28	-99904708003.07,219216000209.92,240907877474.39,0.84
-78470284183.23,124456603307.48,147129302338.56,3.30	-101637300467.17,218255402566.44,240760382114.03,0.85
-80677320606.55,123046049606.47,147136536536.68,3.32	-103360482127.62,217280345372.67,240612006664.09,0.86
-82859429799.34,121596983575.88,147144525964.87,3.34	-105037771300.64,216312133763.00,240465948967.64,0.87
-85015949610.58,120109835958.47,147153268336.65,3.35	-106741975913.39,215308775787.75,240315872037.44,0.88
-87146224986.48,118585048550.22,147162761149.18,3.37	-108436412866.15,214291274226.18,240164955488.43,0.88
-89229119340.02,117038566589.28,147172897666.21,3.39	-110120965026.09,213259737087.90,240013212971.87,0.89
-91305242946.36,115440226425.05,147183875701.66,3.41	-111795516613.37,212214273323.14,239860658168.28,0.90
-93353207427.32,113805632419.97,147195595407.88,3.43	-113495256026.20,211132305614.94,239704033371.85,0.91
-95372387757.74,112135269412.42,147208053423.74,3.44	-115149245735.74,210059028705.86,239549878593.91,0.92
-97362166860.96,110429632750.12,147221246174.55,3.46	-116792893351.80,208972159853.90,239394953020.09,0.93
-99302869962.93,108706458071.00,147235029830.59,3.48	-118426088596.39,207871811594.00,239239270429.44,0.93
-101232331006.11,106932134863.50,147249673369.40,3.50	-120083131166.64,206734256871.90,239079508438.43,0.94
-103130594714.67,105124080722.57,147265039686.83,3.51	-121694868213.37,205607010043.09,238922337859.67,0.95
-104978934652.65,103301042588.02,147280963198.16,3.53	-123329773240.10,204442223558.08,238761085063.77,0.96
-106813381320.23,101427462207.73,147297754629.74,3.55	-124919618661.78,203288548060.57,238602483011.34,0.97
-108614911513.27,99521783308.72,147315255000.91,3.57	-126531949380.17,202097013013.10,238439797187.39,0.98
-110365798590.78,97603714730.59,147333277394.45,3.59	-128132711790.96,200892148684.11,238276409310.33,0.98
-112100170254.74,95635845051.94,147352173482.25,3.60	-129688812751.36,199699591080.42,238115759307.41,0.99
-113783492141.53,93657331789.04,147371567412.99,3.62	-131266365707.52,198468717413.42,237951025544.73,1.00
-115448572749.22,91629584987.29,147391837612.45,3.64	-132832036238.95,197224891400.92,237785633795.42,1.01
-117062255139.93,89592954107.15,147412580888.10,3.66	-134385721965.91,195968241035.58,237619598861.03,1.02
-118655988140.19,87507716192.93,147434201984.57,3.67	-135927322049.97,194698895012.91,237452935544.97,1.03
-120198033156.72,85415365314.05,147456270827.91,3.69	-137456737196.00,193416982710.13,237285658650.62,1.03
-121718440379.06,83275092423.73,147479218015.60,3.71	-139005345278.12,192095537262.25,237114279308.44,1.04
-123186928929.22,81129487471.14,147502587083.56,3.73	-140509839938.79,190788628180.36,236945807649.27,1.05
-124632112942.75,78936703561.77,147526833985.46,3.75	-142001859096.08,189469547571.46,236776767111.29,1.06
-126025207032.69,76740376446.38,147551476389.65,3.76	-143511997252.98,188110568592.86,236603633471.40,1.07
-127380130634.44,74519776236.09,147576741835.31,3.78	-144978523011.52,186767294572.92,236433488441.65,1.08
-128696459839.19,72275553072.19,147602623103.49,3.80	-146432296828.81,185412249231.93,236262819165.02,1.08
-129986231715.30,69985804541.50,147629378081.95,3.82	-147903112591.02,184016970799.40,236088068856.30,1.09
-131223750780.34,67696098093.76,147656474514.26,3.83	-149360455061.30,182609707340.30,235912803279.16,1.10
-132421464064.29,65384769883.88,147684163936.76,3.85	-150804233547.76,181190602054.88,235737038093.16,1.11
-133578990980.52,63052498977.86,147712438402.21,3.87	-152205309855.68,179789114709.21,235564390594.56,1.12
-134695962069.04,60699971251.11,147741289785.86,3.89	-153621976293.06,178346991757.09,235387682492.07,1.13
-135772019121.79,58327879222.50,147770709787.17,3.90	-155024818474.62,176893456620.84,235210521317.31,1.14
-136806815306.08,55936921885.80,147800689931.58,3.92	-156413752383.44,175428654417.61,235032922641.58,1.14
-137800015285.99,53527804538.89,147831221572.35,3.94	-157788695674.84,173952730691.87,234854902009.57,1.15
-138751295341.94,51101238610.44,147862295892.45,3.96	-159149567673.74,172465831393.93,234676474937.60,1.16
-139660343488.11,48657941484.24,147893903906.48,3.97	-160523625605.24,170937425240.65,234494003602.13,1.17
-140526859587.86,46198636321.07,147926036462.66,3.99	-161855828503.63,169428797684.99,234314802574.61,1.18
-141342610852.39,43748625222.58,147958358504.81,4.01	-163200472953.67,167878525733.61,234131573639.25,1.19
-142123638420.14,41259636066.15,147991507074.19,4.03	-164503697935.95,166348770152.63,233951661601.06,1.20
-142861308301.05,38756833854.08,148025151848.87,4.04	-165818620754.84,164777246236.05,233767739147.59,1.20
-143548711397.03,36265934213.12,148058942749.50,4.06	-167092572646.33,163226965424.29,233587178747.45,1.21
-144199358319.95,33737862200.45,148093545726.15,4.08	-168377479567.98,161634805815.40,233402626541.88,1.22
-144800142817.95,31223416444.42,148128265684.03,4.10	-169647119490.44,160032459040.87,233217780407.22,1.23
-145362867885.95,28673060088.48,148163786853.82,4.12	-170901422646.59,158420083074.26,233032656475.19,1.24
-145876192917.69,26138041545.07,148199395666.69,4.13	-172140321033.66,156797836104.58,232847270829.30,1.25
-146350196853.87,23568420735.92,148235793839.25,4.15	-173363748407.02,155165876514.77,232661639503.23,1.26
-146775320926.13,21015835284.41,148272250153.80,4.17	-174571640273.65,153524362860.47,232475778479.28,1.27
-147156318912.18,18455639061.25,148309112359.77,4.18	-175763933885.48,151873453848.97,232289703686.83,1.27
-147496187966.26,15862884152.10,148346744346.48,4.20	-176940568232.30,150213308318.47,232103431000.81,1.28
-147788063506.85,13289676381.74,148384390059.86,4.22	-178124541623.28,148510609256.39,231913245396.22,1.29
-148035411542.09,10711138662.55,148422409230.83,4.24	-179269365227.34,146832290875.55,231726621156.86,1.30
-148238124209.28,8128034477.30,148460790828.93,4.25	-180420773729.94,145111386541.03,231536109704.66,1.31
-148396106484.05,5541129828.31,148499523700.92,4.27	-181533558869.07,143415544520.48,231349197979.54,1.32
-148509276248.06,2951193030.58,148538596573.51,4.29	-182652177383.05,141677097317.35,231158425775.57,1.33
-148577564353.84,358994502.75,148577998056.15,4.31	-183754157572.18,139930043589.65,230967546473.66,1.34
-148600914686.45,-2234693443.80,148617716643.87,4.32	-184818328044.91,138209053698.83,230780321746.98,1.34
-148579284222.10,-4829096817.91,148657740720.18,4.34	-185887206289.62,136445454205.65,230589278665.65,1.35
-148512643083.50,-7423440163.46,148698058559.98,4.36	-186939296742.84,134673751572.30,230398177139.63,1.36
-148402314184.60,-9991018404.79,148738250978.39,4.38	-187994683387.11,132859141563.14,230203285117.12,1.37
-148246065190.27,-12582930547.92,148779118109.94,4.39	-189012728918.24,131071588331.56,230012114813.28,1.38
-148044795109.03,-15172457469.75,148820243329.15,4.41	-190013851442.06,129276441328.17,229820934691.16,1.39
-147801212316.61,-17732974641.82,148861199618.66,4.43	-190998009727.94,127473869005.55,229629760700.30,1.40
-147510432014.98,-20315436676.68,148902802259.09,4.45	-191983957878.88,125628481407.48,229434860959.68,1.41
-147178318450.07,-22867431478.10,148944207152.20,4.46	-192933736463.02,123811425873.12,229243747662.43,1.42
-146802247516.59,-25414048055.32,148985817158.82,4.48	-193884554160.79,121951620502.24,229048942554.32,1.43
-146377827811.92,-27980157873.14,149028043366.15,4.50	-194817581071.75,120084801358.04,228854209950.02,1.43
-145913635632.15,-30513676789.27,149070028961.53,4.52	-195732782720.01,118211146003.37,228659566322.40,1.44
-145405748483.87,-33039543352.11,149112182993.44,4.53	-196613038448.03,116367053325.31,228468768078.66,1.45
-144854279569.86,-35557003694.59,149154493131.92,4.55	-197492837724.67,114480380165.93,228274348965.18,1.46
-144259355097.57,-38065305134.88,149196946980.08,4.57	-198354719750.12,112587398457.58,228080067385.55,1.47
-143614446940.31,-40588879555.11,149239962856.84,4.59	-199214710768.45,110651704265.36,227882207825.41,1.48
-142932606848.23,-43076499515.45,149282667818.25,4.60	-200040332376.31,108746521569.59,227688252948.43,1.49
-142215305614.49,-45527751718.18,149325045881.57,4.62	-200847959722.98,106835561944.52,227494483935.08,1.50
-141448081272.61,-47991922305.16,149367949380.87,4.64	-201652578951.50,104882090064.36,227297196230.09,1.51
-140638227621.09,-50443196243.32,149410933721.88,4.65	-202423806506.86,102959999637.97,227103850619.44,1.52
-139785948925.37,-52880832707.13,149453986178.91,4.67	-203191285696.87,100995546050.25,226907027006.96,1.53
-138891462428.55,-55304093647.08,149497093984.02,4.69	-203926037979.49,99063036573.95,226714168461.67,1.53
-137964666635.76,-57687997243.86,149539808298.41,4.71	-204656307328.73,97088324965.45,226517873409.64,1.54
-136986888374.07,-60080468917.20,149582988109.34,4.72	-205367772531.89,95108709171.44,226321869369.64,1.55
-135978131086.82,-62432463364.57,149625748504.84,4.74	-206060421180.96,93124372134.89,226126172440.94,1.56
-134918074349.56,-64791261870.55,149668949354.81,4.76	-206734242637.68,91135496280.94,225930798611.77,1.57
-133828408819.57,-67108506826.24,149711705272.59,4.77	-207389228017.22,89142263500.88,225735763758.51,1.58
-132687188170.29,-69430778329.33,149754875993.93,4.79	-208037191695.53,87107129221.00,225537413946.53,1.59
-131517767596.14,-71710465021.17,149797576706.12,4.81	-208654129520.80,85105652409.86,225343111361.74,1.60
-130309132251.93,-73970432508.06,149840231025.18,4.83	-209252214914.87,83100364383.72,225149194996.31,1.61
-129061604230.27,-76209999027.45,149882826361.98,4.84	-209842193525.09,81053506842.35,224952033008.96,1.62
-127762196828.18,-78451014383.42,149925783626.93,4.86	-210402213966.35,79041071127.21,224758943241.15,1.63
-126437509914.42,-80647528078.95,149968222295.94,4.88	-210953410489.11,76987302004.53,224562655103.03,1.64
-125074972582.45,-82821618968.60,150010564078.27,4.89	-211485038611.97,74930325324.85,224366831795.59,1.65
-123674955006.50,-84972626234.48,150052796391.95,4.91	-211997103250.59,72870328346.58,224171489132.72,1.66
-122237839177.18,-87099894836.43,150094906666.49,4.93	-212489611045.99,70807497614.72,223976642802.18,1.67
-120764018823.48,-89202775732.59,150136882346.73,4.95	-212962570345.84,68742018947.26,223782308365.19,1.67
-119269490635.99,-91259552085.58,150178284859.79,4.96	-213415991185.80,66674077422.02,223588501255.98,1.68
-117723852958.13,-93312000636.80,150219955459.15,4.98	-213849885270.78,64603857363.94,223395236781.42,1.69
-116142757097.43,-95338158935.85,150261454057.49,5.00	-214271755739.71,62493147532.26,223198966835.12,1.70
-114543309056.49,-97317141576.28,150302347600.39,5.01	-214666277082.91,60418886617.82,223006843789.09,1.71
-112892977622.67,-99289141676.38,150343466939.36,5.03	-215048078507.87,58304439516.45,222811767501.75,1.72
-111208536073.06,-101233010401.35,150384377148.80,5.05	-215403294847.72,56226879190.51,222620846676.04,1.73
-109508157191.58,-103128751546.32,150424651859.32,5.07	-215745102897.47,54109446642.36,222427025426.73,1.74
-107757261529.79,-105014864192.94,150465109290.70,5.08	-216066763696.17,51990790905.12,222233860410.77,1.75
-105992065591.40,-106852283599.89,150504911809.69,5.10	-216368301508.33,49871100764.10,222041366841.91,1.76
-104195359857.26,-108659844985.44,150544461631.92,5.12	-216649742232.55,47750564098.00,221849559794.71,1.77
-102348642498.74,-110455157352.23,150584150583.79,5.13	-216911113381.11,45629367868.58,221658454204.48,1.78
-100490116425.91,-112201033379.85,150623156887.64,5.15	-217152444059.71,43507698110.71,221468064867.14,1.79
-98601616909.33,-113915415140.62,150661875283.01,5.17	-217377603947.12,41347157343.14,221274964960.23,1.80
-96683674095.24,-115597776089.44,150700294204.68,5.18	-217578584355.02,39225094680.31,221086065645.51,1.81
-94736827769.82,-117247598481.82,150738402159.65,5.20	-217762728802.33,37064534695.22,220894512805.57,1.82
-92761627217.55,-118864373563.38,150776187730.90,5.22	-217923496557.33,34942825223.89,220707162064.12,1.83
-90758631075.50,-120447601757.15,150813639581.26,5.23	-218066772013.66,32783001652.57,220517215323.00,1.84
-88728407183.49,-121996792848.80,150850746457.26,5.25	-218189488403.39,30623833797.45,220328100899.97,1.85
-86671532430.22,-123511466169.49,150887497192.91,5.27	-218291687725.23,28465510849.50,220139833373.81,1.86
-84588592595.25,-124991150776.30,150923880713.52,5.29	-218372133404.23,26346733821.74,219955766077.16,1.87
-82480182187.06,-126435385630.17,150959886039.50,5.30	-218434710834.80,24152151091.14,219765896580.46,1.88
-80369021632.55,-127829385510.00,150995137133.74,5.32	-218475626230.68,21997487293.21,219580255724.65,1.89
-78211734600.03,-129201755097.24,151030357707.82,5.34	-218496207732.49,19844414413.92,219395518588.94,1.90
-76030804783.92,-130537357359.44,151065167866.31,5.35	-218496504822.36,17693116234.28,219211699007.30,1.91
-73849696177.56,-131822577869.05,151099204701.95,5.37	-218476028844.20,15505413248.86,219025553348.35,1.92
-71623599035.49,-133083786447.56,151133166955.56,5.39	-218435551375.88,13358251241.05,218843626777.44,1.93
-69375758770.70,-134307004738.31,151166687556.44,5.40	-218373682643.85,11175133363.51,218659435829.17,1.94
-67130322420.03,-135479827760.22,151199417717.65,5.42	-218291020354.72,8994610895.97,218476251781.91,1.95
-64864863900.64,-136614695974.81,151231695504.41,5.44	-218187624093.08,6816871729.43,218294088439.33,1.96
-62556127681.91,-137722475451.67,151263840210.05,5.45	-218063554871.29,4642102547.09,218112959448.00,1.97
-60252373427.69,-138779979895.71,151295179445.76,5.47	-217918875107.61,2470488820.21,217932878297.83,1.98
-57906278862.89,-139808901862.64,151326356500.72,5.49	-217753648604.56,302214804.27,217753858322.61,1.99
-55566886767.90,-140787703807.04,151356719204.46,5.50	-217567940527.49,-1862536464.44,217575912700.50,2.00
-53210773489.13,-141726888432.95,151386582365.15,5.52	-217361817383.35,-4023583171.99,217399054454.55,2.01
-50838614843.99,-142626158950.80,151415936995.80,5.54	-217131192632.13,-6218553912.53,217220222876.72,2.02
-48426143812.40,-143493966403.87,151445071886.99,5.56	-216884089004.18,-8371578058.13,217045597472.88,2.03
-46023794927.88,-144312142267.47,151473377546.65,5.57	-216611909334.83,-10558015352.98,216869064077.56,2.04
-43607468282.65,-145089581659.53,151501148497.82,5.59	-216324111879.30,-12702291945.33,216696722635.65,2.05
-41177860986.83,-145826035407.36,151528376346.08,5.61	-216010674233.91,-14879463229.79,216522538801.38,2.06
-38735674924.42,-146521266488.13,151555052852.54,5.62	-215676544127.17,-17051686582.41,216349559051.88,2.07
-36281616534.14,-147175050131.10,151581169936.85,5.64	-215321800989.84,-19218779609.67,216177795971.73,2.08
-33816396587.85,-147787173915.66,151606719680.11,5.66	-214946525515.13,-21380561243.12,216007261984.63,2.09
-31340729966.49,-148357437865.10,151631694327.84,5.67	-214550799637.54,-23536851739.85,215837969354.17,2.10
-28855335433.75,-148885654536.14,151656086292.80,5.69	-214134706512.04,-25687472682.59,215669930184.57,2.11
-26360935407.39,-149371649103.87,151679888157.80,5.71	-213690629404.48,-27869173537.21,215500292178.29,2.12
-23884365493.19,-149810857474.68,151702854067.78,5.72	-213233708553.89,-30007820053.20,215334817732.73,2.13
-21374210077.92,-150212378017.30,151725460507.02,5.74	-212748278060.60,-32176977648.66,215167812900.43,2.14
-18857228389.80,-150571229831.13,151747455713.12,5.76	-212250882325.02,-34302939977.11,215004950498.40,2.15
-16334155108.17,-150887289190.42,151768832974.14,5.77	-211724462126.09,-36458837839.76,214840626323.81,2.16
-13805727395.59,-151160445344.28,151789585761.35,5.79	-211177512789.03,-38607780918.28,214677671533.85,2.17
-11299091773.23,-151388425054.55,151809501400.27,5.81	-210610130313.66,-40749591237.07,214516097710.00,2.18
-8762211940.36,-151575943925.75,151828993064.80,5.82	-210022411836.67,-42884092230.26,214355916270.36,2.19
-6222193906.24,-151720306414.99,151847841853.83,5.84	-209414455611.50,-45011108739.34,214197138470.63,2.20
-3706275578.33,-151820623336.81,151865855770.94,5.86	-208786360988.53,-47130467010.43,214039775405.07,2.21
-1162229724.97,-151878961700.07,151883408524.52,5.87	-208138228395.53,-49241994691.38,213883838007.50,2.22
1356212482.54,-151894074700.38,151900129168.42,5.89	-207470159318.50,-51345520828.59,213729337052.27,2.23
3901329628.02,-151866261732.81,151916364574.61,5.91	-206770426574.45,-53476318959.09,213573701553.34,2.24
6445866994.89,-151795132481.35,151931930305.47,5.92	-206062459610.27,-55563191940.33,213422129966.02,2.25
8962593683.26,-151682109768.80,151946669951.81,5.94	-205322367996.12,-57676708277.80,213269494952.50,2.26
11503751317.76,-151524834851.61,151960889281.38,5.96	-204574928505.91,-59746249723.23,213120894633.04,2.27
14015667515.75,-151326617654.34,151974287781.24,5.97	-203794914697.84,-61841800162.49,212971302066.82,2.28
16550483295.77,-151083332169.71,151987143393.20,5.99	-202994940185.04,-63928036386.29,212823259013.05,2.29
19054659540.78,-150800106148.98,151999184421.36,6.01	-202175119010.78,-66004788870.14,212676775649.84,2.30
21553897053.72,-150474699602.30,152010544695.44,6.02	-201335566196.18,-68071889550.14,212531861993.59,2.31
24073689334.88,-150103104929.30,152021329515.33,6.04	-200476397722.42,-70129171817.56,212388527900.11,2.32
26560813786.96,-149693161763.91,152031310945.81,6.06	-199597730513.09,-72176470513.44,212246783065.74,2.33
29066895467.24,-149236352271.87,152040696037.33,6.07	-198699682417.07,-74213621922.85,212106637028.52,2.34
31539000986.57,-148742317187.55,152049286435.52,6.09	-197782372191.58,-76240463769.10,211968099169.32,2.35
34028443326.51,-148200794414.40,152057260334.01,6.11	-196830150446.47,-78290351780.89,211828910460.20,2.37
36482640289.84,-147623215209.33,152064449202.49,6.12	-195874359778.36,-80295914887.48,211693643660.36,2.38
38926859888.89,-147004318440.37,152070937594.69,6.14	-194883266331.57,-82323841447.01,211557799115.64,2.39
41385951831.89,-146337111567.66,152076780709.60,6.16	-193889488926.38,-84307483333.06,211425839627.25,2.40
43807974817.92,-145635682364.80,152081855050.20,6.17	-192860029230.61,-86312801144.18,211293375466.88,2.41
46217901174.31,-144893495485.79,152086223646.48,6.19	-191811421686.60,-88306479448.37,211162628800.65,2.42
48640196178.17,-144102307640.04,152089919953.42,6.21	-190743797352.46,-90288358200.72,211033608354.25,2.43
51023695864.10,-143278827123.82,152092865847.18,6.22	-189657288124.42,-92258278837.70,210906322695.18,2.44
53393011680.58,-142415260971.39,152095102662.35,6.24	-188552026721.79,-94216084269.70,210780780233.89,2.45
55772160620.59,-141502136426.14,152096642018.98,6.26	-187428146672.25,-96161618873.50,210656989225.06,2.46
58110890430.70,-140558739074.26,152097451381.65,6.27	-186285782297.55,-98094728484.58,210534957768.72,2.47
60433387432.20,-139576038357.77,152097550276.73,6.29	-185125068699.51,-100015260389.50,210414693811.48,2.48
62763157688.17,-138543356691.53,152096928457.96,6.31	-183946141746.40,-101923063318.04,210296205147.69,2.49
65050992564.06,-137482506604.57,152095599067.97,6.32	-182749138059.68,-103817987435.45,210179499420.62,2.50
67320590141.48,-136383243351.10,152093559771.49,6.34	-181514129219.44,-105730625747.39,210062715223.87,2.51
69594884300.24,-135233712435.71,152090778484.13,6.36	-180281094208.57,-107599131253.39,209949627233.60,2.53
71825839063.47,-134058196018.07,152087313990.32,6.37	-179009749452.99,-109484615647.48,209836535099.82,2.54
74036602483.14,-132845261878.43,152083142099.30,6.39	-177741247511.77,-111326110739.15,209727094099.33,2.55
76249476575.25,-131581909726.92,152078208976.12,6.41	-176434143417.67,-113183845558.43,209617723150.79,2.56
78417723802.65,-130294827250.29,152072618885.09,6.42	-175109234672.39,-115027370663.37,209510238578.64,2.57
80586353353.08,-128957302344.13,152066255871.00,6.44	-173766669943.46,-116856539128.58,209404647322.71,2.58
82709563094.79,-127597590208.79,152059254418.86,6.46	-172428673354.74,-118642052503.24,209302613497.91,2.59
84809450429.77,-126202346295.44,152051554062.02,6.47	-171051524212.16,-120442310119.71,209200798283.07,2.60
86907135587.51,-124756736941.10,152043065044.80,6.49	-169657166825.90,-122227781352.96,209100896195.73,2.61
88958316394.71,-123291301397.66,152033966784.10,6.51	-168245752599.80,-123998325055.39,209002913578.77,2.62
91005574596.83,-121775627360.94,152024070550.85,6.52	-166817433598.69,-125753801508.12,208906856628.01,2.63
93005674221.04,-120241734600.54,152013585501.62,6.54	-165348918508.56,-127522015938.91,208811229106.75,2.64
94979502466.38,-118674463907.24,152002415350.65,6.56	-163886982287.48,-129246695834.74,208719072792.82,2.65
96946845833.72,-117057257122.02,151990435100.50,6.57	-162408603846.23,-130955895636.82,208628859953.08,2.67
98866158062.56,-115424279313.04,151977897948.96,6.59	-160913937810.67,-132649481277.90,208540596203.79,2.68
100777286683.51,-113741641752.46,151964543824.65,6.61	-159378640366.21,-134354252229.02,208452910982.31,2.69
102639874048.54,-112044891884.50,151950654957.82,6.62	-157851609070.61,-136015955714.60,208368593351.15,2.70
104492591548.80,-110298817570.41,151935943232.71,6.64	-156283746838.70,-137688060569.99,208284928762.18,2.71
106296316590.63,-108540306398.06,151920719566.88,6.66	-154724986250.07,-139317353828.04,208204578354.40,2.72
108088500105.03,-106732864436.22,151904668149.84,6.67	-153125207924.22,-140956261665.46,208124955266.15,2.73
109849480411.60,-104895382196.04,151887950650.31,6.69	-151535358840.26,-142552627744.90,208048592054.41,2.74
111560902252.25,-103048007275.25,151870756614.75,6.71	-149904317965.06,-144157818874.88,207973030192.21,2.75
113258302708.54,-101152401247.13,151852729348.15,6.72	-148257769968.21,-145745823334.39,207899522306.73,2.76
114905843192.43,-99248610162.78,151834249821.99,6.74	-146622380767.29,-147291717646.43,207829190993.71,2.77
116537736220.17,-97297124439.68,151814934665.71,6.76	-144945562053.63,-148845244645.96,207759771882.71,2.79
118136001965.66,-95318420452.14,151794980937.85,6.77	-143253738746.22,-150381207803.22,207692419999.20,2.80
119700184861.56,-93313089348.61,151774394743.22,6.79	-141547080409.72,-151899483493.93,207627139503.10,2.81
121214085668.40,-91303022036.13,151753406542.84,6.81	-139825757184.74,-153399949470.44,207563934414.96,2.82
122709145819.37,-89246502314.99,151731580902.53,6.82	-138089939783.09,-154882484854.06,207502808616.81,2.83
124168826001.12,-87165167727.87,151709142161.98,6.84	-136339799483.38,-156346970127.60,207443765852.93,2.84
125592714439.96,-85059638798.56,151686097164.30,6.86	-134575508126.92,-157793287127.97,207386809730.68,2.85
126980410642.50,-82930542879.18,151662452931.41,6.87	-132797238113.91,-159221319039.04,207331943721.21,2.86
128331525508.06,-80778513931.86,151638216661.45,6.89	-131005162399.82,-160630950384.63,207279171160.23,2.87
129632184062.50,-78626954185.76,151613657265.24,6.91	-129199454492.19,-162022067021.64,207228495248.71,2.88
130909405704.54,-76431208534.84,151588265179.11,6.92	-127380288447.60,-163394556133.43,207179919053.54,2.90
132148951747.40,-74214462366.66,151562303599.24,6.94	-125547838868.91,-164748306223.32,207133445508.22,2.91
133350479568.17,-71977373807.57,151535780399.53,6.96	-123702280902.83,-166083207108.35,207089077413.46,2.92
134525571924.36,-69696997280.25,151508418681.80,6.97	-121814187070.18,-167419884460.40,207046163655.12,2.93
135649678625.97,-67421025593.84,151480790872.81,6.99	-119942738873.96,-168716458121.56,207006047857.72,2.94
136734807737.74,-65126725007.17,151452626115.35,7.01	-118058713782.59,-169993858174.65,206968045159.40,2.95
137780664783.06,-62814774311.01,151423932916.18,7.02	-116162289106.82,-171251979653.03,206932157833.47,2.96
138786967477.48,-60485856873.89,151394719932.25,7.04	-114223249145.82,-172510224576.98,206897869078.03,2.97
139753445793.84,-58140660410.89,151364995967.58,7.06	-112302369649.69,-173729169042.79,206866252456.10,2.98
140689280171.68,-55755205676.55,151334452505.90,7.07	-110369628552.53,-174928526130.27,206836757277.16,2.99
141574927651.26,-53379379087.72,151303728477.68,7.09	-108394248235.03,-176126761659.41,206808967946.43,3.01
142420012432.89,-50989367679.02,151272520828.11,7.11	-106438141711.50,-177286330903.31,206783754526.69,3.02
143232476979.01,-48560769408.98,151240506436.38,7.12	-104439397166.53,-178443944914.58,206760318139.59,3.03
143995359899.83,-46144370617.14,151208354968.68,7.14	-102460658833.49,-179563330962.73,206739392557.45,3.04
144724355030.88,-43690554745.53,151175406442.57,7.16	-100470967267.17,-180662640090.87,206720595945.84,3.05
145404247479.85,-41250633817.34,151142350039.67,7.17	-98438665372.07,-181758744856.60,206703682047.71,3.06
146049028007.86,-38774506560.10,151108507176.20,7.19	-96427447676.99,-182817298516.75,206689180419.44,3.07
146645243694.89,-36313949806.52,151074585714.76,7.21	-94373655580.45,-183871811795.22,206676631578.11,3.08
147205168022.22,-33818436736.49,151039889286.74,7.23	-92341656272.01,-184889240223.06,206666428413.80,3.09
147722234865.40,-31314290252.44,151004779552.31,7.24	-90267132533.65,-185901791550.11,206658247639.40,3.11
148191653754.01,-28828189921.17,150969635279.68,7.26	-88215100515.12,-186877735148.80,206652345385.28,3.12
148623095705.18,-26309081517.10,150933734954.34,7.28	-86120608161.79,-187847964370.19,206648534638.36,3.13
149011352855.06,-23783569546.99,150897453457.95,7.29	-84049296744.78,-188782073675.26,206646934708.50,3.14
149356342065.22,-21252401925.27,150860801743.52,7.31	-81935603293.94,-189709630915.43,206647494901.85,3.15
149657993390.05,-18716327201.13,150823790860.18,7.33	-79845770223.68,-190601566568.42,206650197679.43,3.16
149916250061.99,-16176094318.09,150786431949.42,7.34	-77713647711.35,-191486112208.38,206655128678.88,3.17
150131068472.12,-13632452374.77,150748736241.24,7.36	-75606055196.49,-192335544939.67,206662133516.55,3.18
150302418146.18,-11086150386.83,150710715050.36,7.38	-73456280209.62,-193176749604.12,206671434140.88,3.19
150430281716.16,-8537937050.30,150672379772.40,7.39	-71331694955.94,-193983360224.89,206682739360.18,3.21
150514654887.32,-5988560506.23,150633741880.05,7.41	-69198966133.92,-194768613052.21,206696176898.09,3.22
150555546400.90,-3438768106.93,150594812919.20,7.43	-67024241916.35,-195544384182.52,206712010269.81,3.23
150552725294.27,-863027393.49,150555198880.06,7.45	-64875675874.61,-196286356200.62,206729743749.43,3.24
150506284190.76,1685344010.40,150515719994.10,7.46	-62685257693.78,-197018008910.84,206749939219.65,3.25
150416465989.13,4231888601.49,150475985199.61,7.48	-60521632533.06,-197716406120.28,206771964380.06,3.26
150281733386.64,6802075101.00,150435592913.95,7.50	-58316313191.89,-198403646884.78,206796517092.23,3.27
150104910069.32,9342704425.41,150395379426.70,7.51	-56138411653.54,-199058185414.04,206822828631.93,3.28
149882438331.45,11905406330.30,150354527767.11,7.53	-53953720030.25,-199690865074.96,206851264196.01,3.29
149618958181.47,14437139082.69,150313883697.42,7.55	-51727598205.12,-200311137153.69,206882324242.25,3.31
149309151115.63,16989354125.15,150272621460.00,7.56	-49529810000.89,-200899552435.05,206915036300.72,3.32
148955637398.05,19535172154.78,150231171411.85,7.58	-47325819596.14,-201465913265.55,206949866896.24,3.33
148562829333.33,22047977392.90,150189971591.46,7.60	-45080696423.77,-202018617454.35,206987417463.53,3.34
148122780254.92,24578840396.35,150148184889.72,7.62	-42864799887.97,-202540331117.66,207026512308.66,3.35
147639484187.85,27101075642.01,150106247678.80,7.63	-40643294361.88,-203039806162.52,207067719027.13,3.36
147113120302.06,29613944345.59,150064172488.68,7.65	-38416377731.55,-203516984062.37,207111035147.47,3.37
146543880354.61,32116711760.18,150021971869.70,7.67	-36184248480.76,-203971807563.45,207156458066.89,3.38
145931968589.02,34608647388.99,149979658388.60,7.68	-33911556150.61,-204410903409.14,207204756395.93,3.39
145277601631.16,37089025195.22,149937244624.65,7.70	-31669524719.43,-204820494446.77,207254417905.56,3.40
144581008381.70,39557123809.11,149894743165.72,7.72	-29422882920.11,-205207566177.96,207306177563.56,3.42
143842429905.25,42012226732.22,149852166604.44,7.74	-27171831667.28,-205572066516.48,207360032233.82,3.43
143053942776.95,44478461649.47,149809092163.10,7.75	-24916572488.28,-205913944678.50,207415978645.87,3.44
142231743396.08,46905293489.10,149766402730.34,7.77	-22657307526.07,-206233151189.41,207474013394.08,3.45
141368356694.50,49317004247.14,149723676091.71,7.79	-20394239542.04,-206529637891.08,207534132937.02,3.46
140454634168.60,51737262954.52,149680488499.54,7.80	-18127571918.73,-206803357949.32,207596333596.68,3.47
139509337704.68,54116480532.77,149637725096.49,7.82	-15857508662.60,-207054265861.71,207660611557.70,3.48
138513494256.24,56502514211.24,149594525980.28,7.84	-13584254406.58,-207282317465.79,207726962866.58,3.49
137487547758.81,58846478751.53,149551776486.22,7.86	-11344167463.68,-207484392629.18,207794281249.85,3.50
136410902326.50,61195524902.24,149508616947.62,7.87	-9065190138.44,-207666968984.64,207864734092.91,3.51
135294177535.17,63524957112.07,149465496523.47,7.89	-6783636212.89,-207826565296.07,207937247656.67,3.53
134149619310.75,65810877179.70,149422862763.30,7.91	-4499712840.27,-207963142826.86,208011817428.89,3.54
132954244727.02,68099272120.92,149379858261.86,7.92	-2249930683.76,-208075042567.06,208087206544.20,3.55
131719922565.15,70366049934.77,149336931078.66,7.94	38078196.30,-208165838693.12,208165842175.80,3.56
130447053273.08,72610555484.35,149294093906.54,7.96	2291476645.24,-208232615392.09,208245223182.30,3.57
129136048024.71,74832141358.29,149251359389.81,7.98	4582747998.55,-208277494021.33,208327905224.01,3.58
127787328561.20,77030168035.53,149208740120.64,7.99	6838950295.58,-208299019191.46,208411258422.55,3.59
126401327030.24,79204004046.58,149166248635.60,8.01	9132656053.57,-208297855338.92,208497966285.97,3.60
124978485823.20,81353026131.24,149123897412.08,8.03	11390844788.30,-208274011508.90,208585270848.64,3.61
123519257410.43,83476619392.69,149081698864.94,8.05	13649713991.97,-208227624520.32,208674527207.89,3.62
122008819951.19,85595230033.59,149039241645.90,8.06	15909060732.40,-208158669607.37,208765729817.18,3.63
120477858352.60,87665883122.53,148997387282.07,8.08	18205128084.39,-208065461597.82,208860391167.12,3.64
118911930672.45,89709308463.24,148955722552.72,8.10	20464818109.26,-207950937226.76,208955500223.70,3.66
117295188253.94,91745142128.80,148913841840.71,8.12	22724369901.55,-207813778729.72,209052537935.68,3.67
115660470637.22,93732091878.59,148872594912.43,8.13	24983578074.63,-207653967015.13,209151498179.03,3.68
113975274021.89,95709724246.20,148831160728.01,8.15	27242236630.35,-207471484435.68,209252374683.23,3.69
112273825200.46,97637929829.69,148790379953.04,8.17	29500138959.26,-207266314801.39,209355161030.16,3.70
110522290316.14,99555107741.39,148749440785.93,8.18	31720684335.15,-207042298935.60,209458147044.30,3.71
108738240764.21,101441080476.17,148708768445.80,8.20	33976472483.24,-206792078986.25,209564702690.75,3.72
106922237409.72,103295308898.71,148668374892.51,8.22	36230884280.87,-206519132468.26,209673148140.66,3.73
105093476946.54,105099206018.94,148628671535.89,8.24	38447388458.54,-206228398670.56,209781681987.50,3.74
103215587523.42,106888699912.93,148588867944.01,8.25	40698450453.12,-205910336719.79,209893855644.56,3.75
101307471156.16,108644898984.33,148549378279.99,8.27	42947510560.37,-205569522151.62,210007897710.96,3.76
99369721431.39,110367305614.68,148510214079.69,8.29	45158137128.44,-205211993991.78,210121916579.38,3.77
97402939655.09,112055432865.05,148471386765.35,8.31	47366420397.05,-204832431881.04,210237729562.35,3.78
95407734657.90,113708804578.72,148432907642.72,8.32	49608295734.39,-204424066233.67,210357271947.46,3.80
93384722599.76,115326955480.23,148394787898.27,8.34	51811239308.54,-204000069226.21,210476679855.48,3.81
91334526773.89,116909431270.93,148357038596.43,8.36	54011228774.77,-203554035578.38,210597859044.21,3.82
89236877970.87,118471068426.44,148319298960.35,8.38	56208060522.69,-203085967453.13,210720801640.70,3.83
87133956112.26,119980507814.73,148282327211.49,8.39	58401530392.45,-202595868559.69,210845499619.12,3.84
85005767664.48,121452971807.64,148245758445.68,8.41	60591433678.25,-202083744168.94,210971944799.60,3.85
82831312395.07,122902211654.42,148209243782.69,8.43	62777565132.23,-201549601129.11,211100128847.03,3.86
80654310394.68,124299128279.87,148173516784.80,8.45	64959718968.63,-200993447881.56,211230043269.89,3.87
78431898133.12,125671265187.70,148137873410.69,8.46	67102019277.98,-200424949714.45,211359507614.92,3.88
76208757188.89,126991073428.60,148103029688.19,8.48	69275672043.50,-199825168192.71,211492828673.51,3.89
73941112845.11,128284578128.77,148068298951.69,8.50	71444730056.64,-199203411276.19,211627853830.57,3.90
71674553399.14,129525811023.75,148034378866.28,8.52	73573545670.58,-198570423624.19,211762319029.69,3.91
69364446534.56,130739249789.37,148000600939.77,8.53	75732873853.82,-197905122032.69,211900697282.79,3.92
67034061420.26,131911945566.55,147967316572.44,8.55	77851715404.89,-197229337315.01,212038442479.67,3.93
64707473158.96,133032571141.68,147934857512.30,8.57	79965310831.40,-196532358777.95,212177800401.43,3.94
62338863495.15,134123228630.42,147902584021.09,8.59	82073460413.45,-195814207054.14,212318761743.94,3.95
59952126552.66,135172207360.88,147870832556.66,8.60	84175963975.80,-195074904408.19,212461317046.47,3.97
57547990572.65,136179219232.20,147839612315.65,8.62	86272620894.79,-194314474752.94,212605456690.48,3.98
55127187898.33,137143988678.42,147808932328.88,8.64	88363230105.56,-193532943666.01,212751170898.58,3.99
52690454766.52,138066252709.52,147778801459.32,8.66	90447590109.64,-192730338406.32,212898449733.33,4.00
50238531099.50,138945760949.41,147749228400.18,8.68	92525498982.87,-191906687930.91,213047283096.13,4.01
47772160297.14,139782275670.62,147720221672.97,8.69	94596754383.65,-191062022911.81,213197660726.09,4.02
45292089029.45,140575571825.96,147691789625.72,8.71	96626804191.64,-190210974960.04,213347027829.17,4.03
42799067029.50,141325437077.15,147663940431.11,8.73	98684263319.84,-189324728658.37,213500437256.10,4.04
40293846886.78,142031671820.30,147636682084.79,8.75	100700353528.61,-188432860158.93,213652764991.37,4.05
37777183840.98,142694089208.51,147610022403.63,8.76	102709230302.90,-187520806061.29,213806545024.45,4.06
35224761448.90,143318417714.37,147583714126.19,8.78	104744557648.47,-186572630402.18,213964410059.62,4.07
32687393424.82,143892253055.93,147558280616.24,8.80	106738293991.46,-185619978796.81,214121087080.97,4.08
30140869617.15,144421785818.97,147533468204.40,8.82	108724229897.84,-184647259887.08,214279184128.29,4.09
27560618242.67,144911460805.23,147509047690.73,8.83	110702170150.19,-183654516340.38,214438690184.82,4.10
24998004231.80,145351552894.85,147485504862.41,8.85	112671919225.58,-182641792572.91,214599594072.82,4.11
22428538126.26,145746973289.91,147462603888.75,8.87	114633281306.69,-181609134766.13,214761884452.62,4.12
19827459672.21,146100872770.12,147440134228.25,8.89	116553034930.73,-180574596008.30,214922764441.38,4.13
17246545871.08,146406227425.79,147418542841.59,8.90	118497184893.93,-179502551595.11,215087770124.06,4.14
14635476071.47,146669011232.31,147397408442.96,8.92	120432362096.96,-178410721554.43,215254127500.09,4.15
12046224629.08,146884012857.89,147377151421.28,8.94	122325802949.15,-177318163388.56,215418971157.71,4.16
9428306843.00,147055443434.65,147357376516.03,8.96	124210195122.15,-176206588637.26,215585097934.58,4.17
6833831976.09,147179908833.31,147338477064.41,8.98	126117599337.42,-175056393510.80,215755393377.88,4.18
4212212125.14,147259853670.45,147320084285.98,8.99	127983167471.44,-173906624443.03,215924072722.78,4.19
1589919508.35,147293813302.38,147302394010.42,9.01	129839120759.88,-172738007655.40,216093999380.96,4.20
-1006547727.00,147282134976.56,147285574383.85,9.03	131685271208.68,-171550602684.25,216265161167.11,4.21
-3627818117.44,147224606750.46,147269297197.76,9.05	133521430672.31,-170344470868.61,216437545736.15,4.22
-6247389882.75,147121151514.54,147253737145.49,9.06	135347410868.08,-169119675365.58,216611140582.50,4.23
-8838828680.04,146973501701.96,147239040661.68,9.08	137163023390.88,-167876281165.62,216785933039.32,4.24
-11452666469.74,146778792003.85,147224920958.98,9.10	138937048555.84,-166636269074.60,216958866222.40,4.25
-14062443275.92,146538331477.14,147211531148.19,9.12	140731546956.87,-165356197599.71,217135995158.58,4.26
-16667372020.56,146252205224.42,147198875074.09,9.14	142484457624.21,-164080275082.04,217311199286.79,4.27
-19266667441.87,145920511412.15,147186956368.76,9.15	144226632586.72,-162786656299.99,217487510024.45,4.28
-21834159575.43,145547279033.31,147175884432.08,9.17	145988167143.88,-161452250596.65,217668036626.31,4.29
-24419915175.63,145125240445.16,147165443197.28,9.19	147708136886.34,-160123145358.96,217846540899.96,4.30
-26997702178.56,144658005364.87,147155748916.12,9.21	149416830168.64,-158776562147.55,218026112713.68,4.31
-29566744549.13,144145723667.78,147146804365.37,9.22	151114067780.72,-157412576944.44,218206738808.69,4.32
-32126269056.23,143588558071.37,147138612106.03,9.24	152799670537.21,-156031267567.19,218388405770.32,4.33
-34675505467.93,142986684083.66,147131174482.83,9.26	154473459294.62,-154632713682.39,218571100027.49,4.34
-37188858738.07,142346842606.40,147124555442.83,9.28	156106205035.23,-153241981395.95,218751576251.82,4.35
-39715340796.54,141656562736.53,147118625812.35,9.30	157756043707.40,-151809483871.01,218936266341.13,4.36
-42229251431.55,140922175037.05,147113456534.89,9.31	159364914040.69,-150385566237.27,219118676428.33,4.37
-44729834304.25,140143905492.79,147109049088.28,9.33	160990099495.09,-148919460169.30,219305307169.14,4.38
-47216337035.67,139321992586.90,147105404732.29,9.35	162574404061.09,-147462693684.53,219489596301.32,4.39
-49688011396.39,138456687235.44,147102524508.39,9.37	164146278929.87,-145989777348.61,219674795952.61,4.40
-52144113495.36,137548252719.65,147100409239.56,9.38	165733283660.54,-144474064900.04,219864223423.56,4.41
-54583903967.80,136596964615.96,147099059530.17,9.40	167279562409.33,-142968830465.80,220051217866.69,4.42
-57006648162.08,135603110723.70,147098475765.79,9.42	168812901630.55,-141447717471.86,220239080398.84,4.43
-59411616325.70,134566990990.62,147098658113.19,9.44	170306101733.66,-139938401974.38,220424419325.22,4.44
-61798083790.38,133488917436.09,147099606520.28,9.46	171813295107.27,-138386093773.22,220613959951.38,4.45
-64165331156.04,132369214072.10,147101320716.13,9.47	173307047101.22,-136818191562.92,220804325404.85,4.46
-66489730641.72,131219798474.21,147103772189.64,9.49	174760879143.38,-135263204719.69,220992080016.47,4.47
-68816607392.32,130018254795.86,147107008783.23,9.51	176227492870.71,-133664687770.94,221184036495.40,4.48
-71122146137.84,128776120894.43,147111009050.54,9.53	177654348458.79,-132079829554.51,221373324728.76,4.49
-73405650312.86,127493767803.22,147115771848.28,9.54	179067598683.19,-130480319080.68,221563351133.62,4.50
-75666429524.25,126171578120.18,147121295815.00,9.56	180492402691.45,-128836776754.61,221757575910.84,4.51
-77903799729.29,124809945915.36,147127579371.30,9.58	181877714893.68,-127208004919.06,221949047509.63,4.52
-80117083412.92,123409276636.20,147134620720.16,9.60	183248946872.76,-125564891220.82,222141212829.30,4.53
-82305609763.85,121969987010.46,147142417847.24,9.62	184605942067.60,-123907542119.71,222334056862.23,4.54
-84468714849.73,120492504946.97,147150968521.32,9.63	185924262770.68,-122266581814.15,222524040308.77,4.55
-86584919225.36,118992306495.69,147160175463.43,9.65	187252582320.33,-120581342415.39,222718184538.96,4.56
-88695483536.09,117440130998.62,147170218348.26,9.67	188566200823.41,-118882195861.95,222912961906.51,4.57
-90778684054.05,115851108279.27,147181006818.54,9.69	189841483158.18,-117200522685.34,223104798795.13,4.58
-92833886017.82,114225709827.38,147192537782.11,9.70	191125510072.54,-115474152509.66,223300784813.47,4.59
-94860462403.04,112564417784.20,147204807932.40,9.72	192371441923.66,-113765975260.97,223493777977.97,4.59
-96838356332.98,110884529295.14,147217682682.06,9.74	193602614087.73,-112044836990.68,223687321227.36,4.60
-98806127921.23,109153278192.08,147231413274.69,9.76	194818882116.09,-110310852282.50,223881399317.27,4.61
-100743446830.39,107387637606.12,147245871894.22,9.78	196020102116.42,-108564137458.68,224075996875.79,4.62
-102649718576.35,105588131032.22,147261054385.33,9.79	197206130774.60,-106804810585.38,224271098403.84,4.63
-104506133841.48,103773421089.95,147276797002.12,9.81	198376825376.95,-105032991477.80,224466688275.60,4.64
-106348880800.76,101908111948.73,147293406941.82,9.83	199532043832.68,-103248801704.99,224662750738.88,4.65
-108158854726.23,100010561718.66,147310727073.67,9.85	200650683752.31,-101485742501.36,224855626616.99,4.66
-109918241802.02,98100399232.28,147328572281.08,9.86	201774819344.55,-99677406481.67,225052578488.76,4.67
-111661335693.63,96140367230.29,147347290779.51,9.88	202862681409.41,-97890890854.33,225246296353.28,4.68
-113353428651.83,94169467219.77,147366510251.07,9.90	203955184098.97,-96058906536.13,225444074319.47,4.69
-115027500427.40,92149257678.29,147386605718.55,9.92	205011731184.88,-94249429970.21,225638571554.45,4.70
-116650215346.63,90119938016.82,147407177466.26,9.94	206052569946.13,-92428767899.22,225833431353.23,4.71
-118253198588.90,88041927802.28,147428626893.31,9.95	207077570729.30,-90597046865.51,226028638008.33,4.72
-119804527669.70,85956577195.99,147450527341.92,9.97	208086604632.74,-88754395064.67,226224175699.42,4.73
-121334434036.57,83823213590.24,147473306125.44,9.99	209079543529.15,-86900942347.36,226420028493.99,4.73
-122812447965.82,81684289343.53,147496510131.31,10.01	210056260088.28,-85036820220.88,226616180348.08,4.74
-124267369555.31,79498087748.60,147520592094.39,10.02	211016627799.93,-83162161850.48,226812615107.05,4.75
-125670219824.74,77308113453.24,147545072965.85,10.04	211960520997.14,-81277102060.21,227009316506.36,4.76
-127035010431.35,75093699924.64,147570178707.17,10.06	212870473170.02,-79417632347.54,227202549887.36,4.77
-128361314757.60,72855495360.95,147595902147.01,10.08	213781360501.40,-77512370610.54,227399731080.53,4.78
-129661267453.21,70571652496.68,147622499686.48,10.09	214658691834.19,-75633347650.44,227593403368.32,4.79
-130908970611.75,68287621106.24,147649442203.40,10.11	215519693573.63,-73744842013.82,227787269270.51,4.80
-132116967747.36,65981794266.67,147676979727.40,10.13	216380330894.66,-71810400910.56,227985046169.74,4.81
-133284875429.64,63654849264.45,147705104357.21,10.15	217208011599.56,-69903160964.30,228179254569.37,4.82
-134412321322.25,61307470237.85,147733808013.61,10.17	218019020075.54,-67986850911.63,228373608395.50,4.83
-135498944308.75,58940348011.55,147763082441.14,10.18	218813244733.04,-66061610482.27,228568091495.97,4.84
-136544394616.42,56554179928.74,147792919209.88,10.20	219575786311.27,-64164855811.42,228758944427.34,4.84
-137548333938.29,54149669680.93,147823309717.22,10.22	220336440535.87,-62222344857.78,228953635541.39,4.85
-138510435553.12,51727527135.27,147854245189.80,10.24	221079984225.82,-60271329101.38,229148407231.94,4.86
-139430384443.41,49288468159.47,147885716685.36,10.25	221792505069.57,-58349712547.88,229339495637.92,4.87
-140307877411.32,46833214444.32,147917715094.77,10.27	222501840271.54,-56382282645.93,229534378080.04,4.88
-141142623192.49,44362493323.80,147950231143.99,10.29	223180606636.98,-54444852471.14,229725543071.42,4.89
-141926715533.43,41901715891.17,147982925963.54,10.31	223855319821.69,-52461592280.00,229920470765.49,4.90
-142675571355.30,39402398565.89,148016443932.10,10.32	224499930392.38,-50508926871.67,230111647771.05,4.91
-143380881365.63,36889820478.80,148050450847.48,10.34	225127483011.72,-48548935431.51,230302806623.64,4.92
-144036068671.78,34389789428.60,148084593038.45,10.36	225737882537.31,-46581763959.72,230493931256.39,4.93
-144654008761.05,31853051295.10,148119543367.68,10.38	226331034947.46,-44607559836.32,230685005526.88,4.93
-145222252183.81,29330579577.66,148154599752.08,10.39	226906847362.89,-42626471815.70,230876013218.40,4.94
-145751960448.85,26772680064.48,148190453041.07,10.41	227465228068.49,-40638650020.75,231066938041.25,4.95
-146232456028.72,24230753515.64,148226382982.68,10.43	228006086535.07,-38644245936.69,231257763634.12,4.96
-146669027408.56,21680270073.57,148262732038.21,10.45	228519243535.86,-36682705256.25,231444735371.36,4.97
-147065214439.60,19096360409.07,148299859335.87,10.46	229025138681.10,-34675718019.53,231635315891.31,4.98
-147413021315.47,16530951185.23,148337018981.92,10.48	229503849721.37,-32702138596.40,231822015575.98,4.99
-147716454762.39,13959253928.47,148374565804.96,10.50	229974440887.81,-30683178083.66,232012286051.79,5.00
-147975390842.51,11382028655.42,148412488933.06,10.52	230418376837.40,-28698162915.17,232198649735.71,5.00
-148189718366.64,8800038160.08,148450777368.13,10.53	230844978645.06,-26707712735.84,232384823267.83,5.01
-148360809101.78,6188170302.51,148489808165.50,10.55	231254169318.65,-24711979003.01,232570790800.36,5.02
-148485188983.78,3598919393.78,148528797101.27,10.57	231645873122.95,-22711114375.19,232756536430.35,5.03
-148564130422.52,1033140635.87,148567722698.35,10.59	232020015599.77,-20705272703.39,232942044201.21,5.04
-148599169244.95,-1560234455.67,148607359951.80,10.60	232376523588.03,-18694609022.15,233127298104.16,5.05
-148589237194.08,-4154526362.12,148647305724.70,10.62	232715325243.82,-16679279540.20,233312282079.87,5.06
-148534300969.40,-6748959987.46,148687548319.89,10.64	233036350060.52,-14659441630.74,233496980019.99,5.07
-148434340455.78,-9342758930.96,148728075933.85,10.66	233339528888.83,-12635253821.40,233681375768.79,5.07
-148291021584.35,-11909231382.85,148768467339.89,10.67	233619264641.97,-10647483370.58,233861774802.94,5.08
-148101455306.48,-14499453394.21,148809526619.19,10.69	233886909819.21,-8615154914.94,234045524372.90,5.09
-147866883723.33,-17086713675.64,148850835020.44,10.71	234131696404.99,-6619716578.24,234225258904.87,5.10
-147590357701.74,-19644418696.77,148891963760.51,10.73	234363553180.48,-4579882196.34,234408298445.92,5.11
-147266336759.94,-22223466133.92,148933731537.55,10.74	234573146408.26,-2577402224.50,234587305747.99,5.12
-146901359684.67,-24771512222.91,148975290887.50,10.76	234765233780.52,-571671253.55,234765929811.05,5.13
-146492479438.70,-27313614885.87,149017046307.57,10.78	234939759584.39,1437154269.67,234944155164.51,5.13
-146034983900.56,-29874591773.78,149059410157.45,10.79	235096669504.46,3448916918.75,235121966306.85,5.14
-145538120663.53,-32402461939.38,149101522815.85,10.81	235235910640.57,5463458299.82,235299347707.32,5.15
-144997645847.26,-34922116152.03,149143794700.90,10.83	235357431525.54,7480619063.83,235476283807.68,5.16
-144413682374.28,-37432801409.50,149186213432.28,10.85	235461182142.76,9500238919.30,235652759023.93,5.17
-143786366178.06,-39933766062.24,149228766565.32,10.86	235547113943.79,11522156645.34,235828757748.09,5.18
-143115846208.06,-42424260038.38,149271441594.34,10.88	235615179865.79,13546210104.99,236004264350.03,5.19
-142402284430.87,-44903535069.85,149314225956.21,10.90	235664490120.89,15530870147.44,236175696953.51,5.19
-141645855827.53,-47370844919.49,149357107033.78,10.92	235697055993.98,17558669798.75,236350183180.24,5.20
-140846748386.71,-49825445609.15,149400072159.49,10.93	235711507586.28,19546684126.12,236520586141.94,5.21
-140005163094.01,-52266595648.70,149443108618.92,10.95	235708406746.25,21577584230.39,236693990528.01,5.22
-139130452242.70,-54669114894.71,149485768100.61,10.97	235687842317.38,23568317016.11,236863303580.76,5.23
-138204989550.42,-57081304694.06,149528908516.74,10.98	235649895853.63,25560157886.64,237032054977.84,5.24
-137237727287.62,-59477843986.72,149572082008.58,11.00	235593194411.66,27594474279.90,237203727339.76,5.25
-136239314942.39,-61834045789.06,149614839352.98,11.02	235520019153.67,29588071356.13,237371298578.24,5.25
-135189639991.47,-64197276302.00,149658040364.08,11.04	235429363354.96,31582296974.78,237538263469.12,5.26
-134110180191.82,-66519087388.54,149700799657.47,11.05	235321197445.71,33576990952.77,237704607209.71,5.27
-132990820969.29,-68822740584.45,149743541041.47,11.07	235195493392.11,35571992417.15,237870314996.39,5.28
-131819827594.81,-71130758660.09,149786687574.98,11.09	235052224710.75,37567139820.67,238035372026.47,5.29
-130621165897.29,-73395821521.72,149829354924.91,11.10	234894897262.92,39520706986.38,238196345565.72,5.30
-129383528205.28,-75640656879.18,149871966504.62,11.12	234716793310.66,41515664406.10,238360071012.57,5.30
-128107245619.29,-77864586590.56,149914509721.64,11.14	234521055160.61,43510282650.22,238523101627.38,5.31
-126779050959.57,-80089297007.43,149957404810.01,11.16	234312288511.36,45462859826.41,238682048279.77,5.32
-125426134646.71,-82269171011.27,149999772504.14,11.17	234081591424.18,47456322515.89,238843660142.80,5.33
-124035642531.95,-84426129427.17,150042033938.38,11.19	233838560075.11,49407451899.19,239001189288.20,5.34
-122607953598.77,-86559515720.07,150084176538.93,11.21	233572837641.08,51399111847.69,239161324595.85,5.35
-121158586947.80,-88647281707.70,150125759766.12,11.22	233295482811.76,53348157618.18,239317379689.88,5.35
-119658057676.43,-90731835117.59,150167628571.22,11.24	232994681428.36,55337363384.93,239475980758.61,5.36
-118121534476.79,-92790889810.01,150209341050.70,11.26	232682956975.41,57283685692.38,239630505389.70,5.37
-116549442744.79,-94823814268.71,150250884711.50,11.28	232354215478.33,59228422852.26,239784252035.27,5.38
-114958795446.74,-96809649863.26,150291825982.69,11.29	232008450349.12,61171416899.99,239937206949.97,5.39
-113317239984.28,-98788729196.82,150332996690.60,11.31	231645656580.29,63112509459.48,240089356412.96,5.39
-111641455480.94,-100739831706.61,150373961423.44,11.33	231265830755.36,65051541760.69,240240686729.81,5.40
-109949525436.36,-102642883114.32,150414293196.16,11.34	230868971059.18,66988354657.37,240391184234.42,5.41
-108207041844.38,-104536531253.58,150454811392.80,11.36	230455077288.05,68922788645.15,240540835290.94,5.42
-106450046840.49,-106381555596.75,150494677126.89,11.38	230024150859.56,70854683879.78,240689626295.70,5.43
-104661414736.59,-108196865462.24,150534293204.30,11.39	229576194822.28,72783880195.61,240837543679.15,5.44
-102822722304.18,-110000149835.17,150574052166.38,11.41	229121284299.03,74669262107.45,240981454934.83,5.44
-100972006081.62,-111754056545.55,150613130790.56,11.43	228639646780.74,76592644830.69,241127603816.29,5.45
-99091181358.96,-113476606099.66,150651924498.20,11.45	228140998490.77,78512849826.41,241272838877.96,5.46
-97180775775.49,-115167269715.15,150690421706.12,11.46	227636497262.80,80388967328.31,241414086072.43,5.47
-95241326646.25,-116825527361.14,150728610902.33,11.48	227104219347.97,82302409032.63,241557473447.26,5.48
-93273380821.48,-118450867948.19,150766480649.87,11.50	226566827234.07,84171597547.08,241696886691.87,5.48
-91277494541.93,-120042789516.22,150804019590.62,11.51	226013186427.94,86037129624.44,241835373990.91,5.49
-89254233290.18,-121600799420.28,150841216449.18,11.53	225430743467.19,87939282177.25,241975902622.60,5.50
-87204171637.66,-123124414513.97,150878060036.64,11.55	224844300318.81,89796957731.11,242112480065.81,5.51
-85127893087.82,-124613161330.57,150914539254.41,11.56	224241659411.61,91650517422.93,242248094233.09,5.52
-83025989915.12,-126066576261.62,150950643098.04,11.58	223622840766.85,93499808991.45,242382732871.12,5.52
-80899063000.12,-127484205732.90,150986360660.97,11.60	222987865990.14,95344680096.65,242516383779.67,5.53
-78770022904.82,-128851551429.31,151021319071.73,11.62	222336758277.20,97184978338.68,242649034813.46,5.54
-76595126873.00,-130196670389.54,151056236022.27,11.63	221654859026.44,99060401416.87,242783524274.00,5.55
-74397053177.72,-131504709392.88,151090734706.12,11.65	220986244808.10,100851246449.46,242911288961.21,5.56
-72199441129.02,-132762350801.38,151124455630.62,11.67	220286893441.31,102676911391.97,243040868075.76,5.56
-69957142827.55,-133995397886.01,151158091041.22,11.68	219571517926.58,104497393657.81,243169399320.43,5.57
-67717025523.33,-135178045586.84,151190937408.32,11.70	218840149486.23,106312540837.36,243296870852.15,5.58
-65433070473.16,-136334556711.36,151223668998.04,11.72	218092820961.29,108122200577.95,243423270893.87,5.59
-63153017935.58,-137440726162.53,151255601160.60,11.73	217329566815.34,109926220603.79,243548587736.36,5.60
-60830031099.61,-138519245951.99,151287389370.98,11.75	216567529740.17,111685419473.29,243670120984.67,5.60
-58512668340.14,-139547541527.37,151318368688.72,11.77	215772878442.57,113477834482.49,243793260756.38,5.61
-56177740916.64,-140536610339.19,151348859989.51,11.78	214980200470.61,115225389665.26,243912642185.47,5.62
-53825917263.95,-141486141026.47,151378854110.70,11.80	214154305886.82,117005605106.35,244033559897.34,5.63
-51433121583.45,-142405099061.92,151408646498.99,11.82	213312680564.59,118779427899.87,244153337437.50,5.64
-49049375810.59,-143274246263.82,151437613920.30,11.83	212474172391.10,120508358189.45,244269397032.87,5.64
-46650780763.18,-144102988198.34,151466057430.39,11.85	211620695167.48,122230884328.45,244384344234.41,5.65
-44238027226.24,-144891060530.97,151493968443.16,11.87	210732826304.31,123984922480.49,244500685243.82,5.66
-41811811031.09,-145638210942.29,151521338524.22,11.88	209849215568.08,125694066417.59,244613351244.63,5.67
-39372832839.54,-146344199235.44,151548159393.88,11.90	208950774557.88,127396379861.71,244724873664.71,5.68
-36921797925.40,-147008797439.41,151574422930.21,11.92	208017090889.06,129129316297.22,244837681800.28,5.68
-34459415953.61,-147631789908.20,151600121171.99,11.93	207088810914.64,130817387811.34,244946860685.79,5.69
-31986400756.73,-148212973415.73,151625246321.65,11.95	206145853204.11,132498205010.07,245054865538.60,5.70
-29503470109.26,-148752157246.41,151649790748.12,11.97	205188271260.19,134171628302.43,245161686452.17,5.71
-27011345499.49,-149249163281.37,151673746989.66,11.98	204216120091.85,135837518449.83,245267313606.97,5.72
-24510751899.40,-149703826080.20,151697107756.62,12.00	203229456213.42,137495736585.12,245371737272.01,5.72
-22002417532.25,-150115992958.17,151719865934.17,12.02	202228337643.43,139146144231.85,245474947806.53,5.73
-19513308758.22,-150481894969.98,151741787034.59,12.03	201212823903.22,140788603323.47,245576935661.48,5.74
-16991750936.61,-150809109388.90,151763325854.98,12.05	200182976015.20,142422976222.55,245677691381.19,5.75
-14464646488.88,-151093448190.99,151784241883.97,12.07	199138856500.84,144049125740.11,245777205604.90,5.75
-11932734259.82,-151334810258.53,151804528729.88,12.09	198080529378.42,145666915154.88,245875469068.34,5.76
-9423190031.53,-151531264175.50,151823978781.34,12.10	197008060160.39,147276208232.62,245972472605.25,5.77
-6883917583.10,-151686871469.57,151842995549.74,12.12	195945813706.38,148841393750.53,246066093565.64,5.78
-4342057543.53,-151799277872.43,151861365153.56,12.14	194845573299.66,150433483789.43,246160578646.33,5.79
-1824859380.59,-151867937350.78,151878900795.80,12.15	193731394698.54,152016674890.42,246253777101.15,5.79
719930305.39,-151894260149.73,151895966260.07,12.17	192603349327.74,153590832947.94,246345680168.95,5.80
3238564259.45,-151877676050.58,151912200895.74,12.19	191487033623.54,155121147391.50,246434280111.34,5.81
5783324687.96,-151817826887.97,151927941490.14,12.20	190331778950.15,156677047492.59,246523595806.42,5.82
8326951740.54,-151714665782.74,151943008851.54,12.22	189189002175.28,158189256096.66,246609649625.67,5.82
10842232570.32,-151569958823.91,151957251965.78,12.24	188006834732.49,159726380707.52,246696344926.42,5.83
13381378495.98,-151380690007.81,151970966298.48,12.25	186811176175.53,161253816689.37,246781703010.93,5.84
15890759357.17,-151150845442.03,151983862007.74,12.27	185629119984.66,162737816477.45,246863863491.86,5.85
18422463296.04,-150875643057.73,151996206603.91,12.29	184407016410.81,164245707340.30,246946553086.40,5.86
20923016698.56,-150560885178.78,152007739189.78,12.30	183199260239.53,165710349070.80,247026089191.97,5.86
23418091646.47,-150204008650.49,152018588439.17,12.32	181978917062.60,167165239023.83,247104316824.23,5.87
25933130316.55,-149800685307.33,152028854388.11,12.34	180717903072.59,168642983718.56,247182961484.91,5.88
28415010359.06,-149359425397.23,152038320066.67,12.35	179472346426.56,170077784900.71,247258520679.44,5.89
30915247836.62,-148871061500.98,152047181826.00,12.37	178214449239.96,171502476254.71,247332750114.90,5.89
33381032688.73,-148345901293.06,152055252371.68,12.39	176915286741.55,172948967947.95,247407284042.13,5.90
35837737388.23,-147779222384.81,152062625223.18,12.40	175632686536.74,174352853028.66,247478803010.17,5.91
38310353675.53,-147164562547.64,152069364661.60,12.42	174338003999.51,175746276994.04,247548971954.64,5.92
40746654623.98,-146514898894.85,152075328246.28,12.43	173001491200.74,177160429760.72,247619332505.93,5.93
43197209743.82,-145816741274.24,152080639680.04,12.45	171682639650.44,178532344097.87,247686751051.45,5.93
45610258050.80,-145084831650.31,152085186702.91,12.47	170351975517.64,179893453256.11,247752800361.92,5.94
48010688333.33,-144312320788.19,152089026972.73,12.48	169009590546.22,181243645077.80,247817474318.68,5.95
50422860495.73,-143490658062.81,152092188530.08,12.50	167655577710.49,182582808261.79,247880766922.72,5.96
52795824456.86,-142637195899.78,152094604553.32,12.52	166290031206.36,183910832379.54,247942672295.72,5.96
55154092080.83,-141743832097.99,152096310971.32,12.53	164913046442.29,185227607891.13,248003184681.06,5.97
57521559316.03,-140800792372.39,152097313976.42,12.55	163524720029.95,186533026161.19,248062298444.82,5.98
59848220785.43,-139827994598.26,152097592369.35,12.57	162125149774.64,187826979474.70,248120008076.81,5.99
62158147444.91,-138816104479.75,152097160251.97,12.58	160714434665.47,189109361052.62,248176308191.52,5.99
64474708969.64,-137754149530.93,152096001951.76,12.60	159292674865.30,190380065067.49,248231193529.03,6.00
66748975918.52,-136664560985.66,152094141950.23,12.62	157859971700.43,191638986658.85,248284658955.99,6.01
69004515537.68,-135536796686.13,152091572483.58,12.63	156416427650.04,192886021948.50,248336699466.51,6.02
71264110349.58,-134358714665.79,152088256057.34,12.65	154962146335.40,194121068055.71,248387310183.04,6.03
73480035115.16,-133155200501.75,152084262766.36,12.67	153497232508.88,195344023112.17,248436486357.25,6.03
75675291937.66,-131914531697.83,152079563002.09,12.68	152021792042.63,196554786276.92,248484223370.86,6.04
77872016924.04,-130623428702.35,152074097550.42,12.70	150535931917.13,197753257751.02,248530516736.48,6.05
80023813951.91,-129309165675.83,152067981926.47,12.72	149039760209.41,198939338792.18,248575362098.40,6.06
82153060097.99,-127958870516.61,152061164757.31,12.73	147533386081.18,200112931729.09,248618755233.37,6.06
84281187581.11,-126558161062.06,152053565270.57,12.75	146016919766.57,201273939975.72,248660692051.36,6.07
86363250585.04,-125136627755.00,152045344083.62,12.77	144490472559.74,202422268045.39,248701168596.32,6.08
88442471197.16,-123664769153.09,152036330661.94,12.78	142989181835.50,203532156080.91,248739310686.77,6.09
90474937645.86,-122173679183.61,152026715505.15,12.80	141443331345.52,204655135280.50,248776888755.36,6.09
92502843639.21,-120632413261.60,152016299161.17,12.82	139887837467.58,205765156657.91,248812995572.60,6.10
94483362382.65,-119073531910.17,152005301778.24,12.83	138322815584.83,206862129234.78,248847627721.99,6.11
96437187855.12,-117481615007.90,151993621794.69,12.85	136748382075.50,207945963199.58,248880781924.33,6.12
98383895663.78,-115839857816.06,151981129041.82,12.87	135200750464.29,208992385485.35,248911751665.05,6.13
100282375868.63,-114182944098.66,151968087547.67,12.88	133608053971.15,210049981092.06,248941974449.34,6.13
102172044066.65,-112476488417.47,151954226777.29,12.90	132006298097.28,211094177728.32,248970710341.89,6.14
104012996372.77,-110756541403.11,151939839666.96,12.92	130432308135.07,212101615423.97,248997353943.57,6.15
105843455594.29,-108987409497.23,151924627763.43,12.93	128812994078.75,213119069498.10,249023141951.24,6.16
107643359499.21,-107187562485.78,151908743645.39,12.95	127184981213.89,214122875033.00,249047435358.76,6.16
109393925155.84,-105376755518.80,151892368026.41,12.97	125548392449.56,215112950680.44,249070231856.62,6.17
111131501272.71,-103517409224.31,151875161193.78,12.98	123940831821.19,216067182444.64,249091061907.27,6.18
112819399802.13,-101648803834.34,151857486785.03,13.00	122287651362.70,217029875862.28,249110892360.42,6.19
114492670078.04,-99732160209.63,151838978136.97,13.02	120626266093.83,217978604728.38,249129219866.06,6.19
116132897492.71,-97787570499.83,151819823555.13,13.03	118994833479.68,218892206359.81,249145677064.49,6.20
117723050862.41,-95836296189.11,151800238377.95,13.05	117317597668.18,219813100310.53,249161027832.92,6.21
119296152771.47,-93837841870.29,151779816289.74,13.07	115632535535.83,220719806548.36,249174870878.25,6.22
120834841832.14,-91813202590.56,151758766371.28,13.08	113978332147.03,221592128764.68,249186941330.16,6.22
122338681324.90,-89762982721.89,151737095054.06,13.10	112278174844.72,222470570422.48,249197799449.68,6.23
123792131235.23,-87709537080.98,151715044246.51,13.12	110570576692.42,223334612984.81,249207146340.49,6.24
125225379466.28,-85610248620.05,151692156459.26,13.13	108894724051.69,224165040773.18,249214819846.53,6.25
126622538663.55,-83487229150.70,151668667591.12,13.15	107172799482.19,225000412639.24,249221176140.15,6.25
127983216748.92,-81341110934.83,151644584794.56,13.17	105443826083.48,225821186063.39,249226018975.14,6.26
129307033117.10,-79172532681.73,151619915396.31,13.19	103747464770.06,226609139429.36,249229289047.52,6.27
130593618739.86,-76982139326.70,151594666894.61,13.20	102004946222.56,227400860079.48,249231138140.39,6.28
131842616265.64,-74770581808.12,151568846956.40,13.22	100255776973.81,228177795215.53,249231472824.04,6.29
133053680114.37,-72538516842.92,151542463414.54,13.24	98540065335.33,228922729875.94,249230336697.08,6.29
134226476567.63,-70286606700.80,151515524264.92,13.25	96778143836.01,229670254650.14,249227677025.25,6.30
135360683853.96,-68015518977.08,151488037663.48,13.27	95050229437.46,230386336682.00,249223614944.22,6.31
136455992229.51,-65725926364.47,151460011923.30,13.29	93276088251.85,231104227348.99,249217961909.13,6.32
137512104053.84,-63418506423.76,151431455511.51,13.30	91495971205.57,231807048981.65,249210795722.08,6.32
138528733861.03,-61093941353.61,151402377046.26,13.32	89750669920.29,232479287409.32,249202331099.62,6.33
139515574056.26,-58728447915.26,151372474376.23,13.34	87959143424.08,233152158994.04,249192175148.98,6.34
140452014291.30,-56371495979.77,151342373040.34,13.35	86162053229.41,233809808183.03,249180508505.97,6.35
141348187273.30,-53999478280.75,151311776475.07,13.37	84400564236.82,234437756802.51,249167648498.13,6.35
142212556253.65,-51588161975.34,151280367570.25,13.39	82592884009.36,235065165499.23,249152998216.28,6.36
143027073747.74,-49187972993.78,151248803340.98,13.40	80780056650.31,235677211412.82,249136840976.50,6.37
143800651204.46,-46774831211.94,151216771959.11,13.42	79003591944.95,236260461767.04,249119596448.33,6.38
144540502642.07,-44324118478.66,151183942212.56,13.44	77181002204.35,236842002542.11,249100464209.58,6.38
145231186019.52,-41887082145.97,151151000801.65,13.45	75353685821.88,237408053262.49,249079830016.06,6.39
145886913548.80,-39413680401.17,151117271506.48,13.47	73563468811.61,237946235054.03,249058215523.97,6.40
146500107352.41,-36929978092.57,151083105396.28,13.49	71727224974.81,238481542046.88,249034617472.44,6.41
147064951864.25,-34462465841.38,151048871623.41,13.50	69886678421.57,239001244949.50,249009523729.94,6.41
147593076709.60,-31960473303.29,151013867397.58,13.52	68041972224.13,239505308447.16,248982936681.45,6.42
148078251788.45,-29450399884.36,150978457754.98,13.54	66235309738.63,239982773249.62,248955513521.49,6.43
148516026453.94,-26958978752.13,150943024512.65,13.55	64382801120.31,240455815317.60,248925981368.25,6.44
148915422188.95,-24435045676.19,150906840212.47,13.57	62526560605.98,240913121776.39,248894963840.69,6.45
149271570149.24,-21905264116.82,150870282861.96,13.59	60666732403.78,241354663323.61,248862463880.36,6.45
149584396990.23,-19370382482.63,150833363485.85,13.61	58845845218.96,241770911642.98,248829273230.08,6.46
149853842549.63,-16831149638.46,150796093202.18,13.62	56979348561.61,242181201334.04,248793851294.81,6.47
150079859829.20,-14288314665.76,150758483218.49,13.64	55109694904.19,242575647863.58,248756956503.47,6.48
150262414972.04,-11742626624.28,150720544828.06,13.66	53237029293.43,242954227974.04,248718592345.75,6.48
150401487235.18,-9194834314.99,150682289406.00,13.67	51361496940.08,243316919930.73,248678762447.66,6.49
150497068957.89,-6645686044.40,150643728405.52,13.69	49525959942.42,243655998885.15,248638425230.17,6.50
150549165525.43,-4095929390.38,150604873354.00,13.71	47645187224.82,243987217599.51,248595708365.29,6.51
150557658028.52,-1520029565.91,150565330939.48,13.72	45761980882.78,244302492471.50,248551537356.15,6.51
150522404839.30,1028692210.38,150525919915.05,13.74	43876486593.15,244601807827.02,248505916364.19,6.52
150443761023.52,3575778664.52,150486249949.82,13.76	41988850103.27,244885149515.29,248458849683.65,6.53
150320300900.86,6146706604.13,150445920067.65,13.78	40099217212.26,245152504908.19,248410341740.83,6.54
150154614789.21,8688261289.45,150405765270.92,13.79	38207733752.29,245403862899.20,248360397093.29,6.54
149943371269.69,11252090964.74,150364969786.18,13.81	36314545569.99,245639213902.15,248309020429.02,6.55
149690977920.33,13785130240.87,150324378217.58,13.83	34419798507.83,245858549849.63,248256216565.63,6.56
149392341521.94,16338856792.01,150283165879.20,13.84	32523638385.53,246061864191.20,248201990449.48,6.57
149049964579.56,18886378059.84,150241762560.84,13.86	30626210981.65,246249151891.28,248146347154.79,6.58
148668143039.37,21401057148.58,150200605863.80,13.88	28727662015.06,246420409426.75,248089291882.78,6.58
148239153514.91,23934002374.19,150158859560.35,13.89	26828137126.61,246575634784.37,248030829960.71,6.59
147766873321.98,26458508927.90,150116959555.02,13.91	24927781860.81,246714827457.82,247970966840.96,6.60
147251478403.87,28973837029.80,150074918371.97,13.93	23026741647.62,246837988444.56,247909708100.07,6.61
146693157316.04,31479250882.75,150032748556.74,13.95	21125161784.22,246945120242.39,247847059437.75,6.61
146092111126.47,33974018885.68,149990462672.24,13.96	19223187416.99,247036226845.78,247783026675.90,6.62
145448553312.33,36457413844.25,149948073294.92,13.98	17320963523.50,247111313741.88,247717615757.58,6.63
144762709653.37,38928713178.61,149905593010.83,14.00	15375400069.18,247171544466.03,247649299052.13,6.64
144034818121.86,41387199128.39,149863034411.73,14.01	13473113875.49,247214250734.94,247581119158.83,6.64
143265128769.35,43832158954.71,149820410091.31,14.03	11571015174.98,247240962913.86,247511579799.31,6.65
142445412658.31,46287612676.53,149777296926.76,14.05	9669248086.18,247251692449.53,247440687393.38,6.66
141592505961.68,48703247112.62,149734578584.32,14.07	7724751948.28,247246147673.73,247366791085.95,6.67
140698625868.10,51103242235.87,149691832403.07,14.08	5824095125.88,247224589690.67,247293181935.44,6.68
139754324788.57,53511143992.30,149648634569.37,14.10	3924203907.69,247187092573.28,247218239843.14,6.68
138778990958.43,55877617456.12,149605870419.63,14.12	1982074251.54,247132274679.43,247140222963.74,6.69
137753046940.75,58250264491.79,149562680020.20,14.13	84168390.26,247062591501.08,247062605838.17,6.70
136686579327.61,60604155718.67,149519512635.16,14.15	-1812540706.06,246977025960.05,246983676901.69,6.71
135591319144.03,62915124298.22,149476816572.59,14.17	-3750971033.00,246873110432.95,246901604771.07,6.71
134445275627.58,65229659512.20,149433733201.89,14.19	-5644825884.57,246755486940.29,246820044555.55,6.72
133259798331.70,67523408814.77,149390711188.38,14.20	-7580041356.70,246618834734.64,246735296771.34,6.73
132035274049.36,69795707630.44,149347763280.62,14.22	-9470464456.20,246469253715.36,246651135663.35,6.74
130772100495.11,72045898897.90,149304902183.11,14.24	-11401876180.92,246299973508.18,246563743747.08,6.75
129470686149.15,74273333239.19,149262140552.76,14.26	-13331141671.54,246114241132.67,246475027186.49,6.75
128131450099.25,76477369125.40,149219490995.24,14.27	-15215316262.92,245916759339.01,246387009342.58,6.76
126754821880.46,78657373038.80,149176966061.50,14.29	-17139898400.56,245698584879.98,246295697748.07,6.77
125341241312.85,80812719631.41,149134578244.19,14.31	-19061891842.55,245464058956.25,246203086820.40,6.78
123891158337.22,82942791880.13,149092339974.29,14.32	-20938529701.85,245218969570.67,246111285932.56,6.78
122405032848.99,85046981238.14,149050263617.62,14.34	-22854969468.00,244952213847.34,246016130971.32,6.79
120867783994.99,87145537586.90,149007939148.12,14.36	-24768382999.32,244669220567.24,245919702930.41,6.80
119310640142.53,89195893704.59,148966225383.41,14.38	-26678624543.52,244370030898.53,245822010830.77,6.81
117718896488.28,91218587775.24,148924710327.49,14.39	-28585548970.37,244054687457.88,245723063793.57,6.82
116076456218.47,93233046765.14,148882989953.01,14.41	-30489011788.08,243723234299.71,245622871038.76,6.82
114416679670.09,95198412861.26,148841910757.80,14.43	-32388869159.42,243375716905.16,245521441883.44,6.83
112706563598.77,97153823690.93,148800655025.48,14.45	-34284977917.58,243012182170.91,245418785740.37,6.84
110963244003.71,99078717469.14,148759651031.98,14.46	-36177195581.91,242632678397.76,245314912116.33,6.85
109205190412.16,100953759767.05,148719316916.33,14.48	-38065380373.40,242237255279.03,245209830610.62,6.86
107397440614.13,102816293006.63,148678849733.55,14.50	-39949391229.93,241825963888.77,245103550913.44,6.86
105558157528.69,104646689555.64,148638670122.57,14.52	-41829087821.35,241398856669.76,244996082804.27,6.87
103687916666.40,106444428160.90,148598789864.25,14.53	-43704330564.31,240955987421.36,244887436150.32,6.88
101806456257.66,108191518142.85,148559614747.07,14.55	-45574980636.87,240497411287.12,244777620904.89,6.89
99876353668.63,109922758084.66,148520364822.74,14.57	-47482310083.52,240012469056.95,244664167939.81,6.89
97917061956.77,111619844217.46,148481448825.69,14.59	-49343251736.81,239522304059.74,244552020302.53,6.90
95909167007.70,113298745616.46,148442494166.51,14.60	-51199185942.05,239016606874.72,244438734661.74,6.91
93893048556.30,114925744741.83,148404283535.42,14.62	-53091046326.34,238483681133.09,244321766052.10,6.92
91849589855.86,116517181296.88,148366440592.41,14.64	-54936440807.77,237946760383.11,244206210620.13,6.93
89779419420.59,118072609276.07,148328976308.60,14.66	-56776420532.62,237394493950.82,244089548499.45,6.93
87683172553.64,119591593809.25,148291901528.40,14.67	-58651553564.69,236814160842.18,243969160983.39,6.94
85540148079.42,121088344838.36,148254862278.25,14.69	-60520748277.87,236217929549.02,243847639341.74,6.95
83393435859.14,122532807997.96,148218602679.48,14.71	-62343427531.71,235619344771.41,243727673001.88,6.96
81222598449.28,123939586802.42,148182764435.03,14.73	-64200462544.38,234991874042.33,243603941381.99,6.97
79006237122.24,125321785351.68,148147006004.00,14.74	-66051144497.13,234348721366.52,243479109772.28,6.97
76788912149.53,126651652421.43,148112045729.53,14.76	-67855314963.30,233704448211.54,243355938663.16,6.98
74526963680.46,127955411221.50,148077194652.97,14.78	-69693025485.82,233030495290.46,243228965250.21,6.99
72265865841.17,129206887367.15,148043152860.51,14.80	-71523977116.05,232341088108.44,243100926624.95,7.00
69961094200.47,130430760273.35,148009249465.07,14.81	-73348035645.55,231636305608.14,242971834599.92,7.01
67635861110.63,131613975931.99,147975837111.34,14.83	-75165067919.91,230916227958.80,242841701052.61,7.01
65290880050.94,132756205857.33,147942925520.15,14.85	-76974941850.46,230180936539.78,242710537923.70,7.02
62950366255.53,133846437102.43,147910842525.90,14.87	-78777526425.77,229430513924.02,242578357215.16,7.03
60568226305.76,134906173055.65,147878955792.73,14.88	-80572691722.76,228665043861.44,242445170988.42,7.04
58168499450.03,135924015117.96,147847597931.31,14.90	-82360308917.63,227884611262.12,242310991362.54,7.05
55751916995.51,136899684492.53,147816778015.31,14.92	-84140250296.39,227089302179.58,242175830512.36,7.05
53319214196.61,137832914948.23,147786504951.13,14.94	-85912389265.27,226279203793.77,242039700666.67,7.06
50871130046.75,138723452858.36,147756787475.84,14.95	-87714863797.33,225436311371.95,241899623430.83,7.07
48408407070.42,139571057236.23,147727634155.34,14.97	-89470846275.61,224596583696.80,241761572094.38,7.08
45931791115.63,140375499767.56,147699053382.48,14.99	-91256554726.97,223723605675.74,241619557397.97,7.09
43442031146.71,141136564839.90,147671053375.26,15.01	-92995877360.55,222854618524.64,241479635174.11,7.09
40939879037.55,141854049568.95,147643642175.06,15.02	-94764310326.37,221951937221.63,241335734917.28,7.10
38401144710.39,142534214824.36,147616565163.49,15.04	-96486479373.38,221054069075.01,241193992786.90,7.11
35876370614.83,143163545268.98,147590361008.01,15.06	-98237137344.50,220122075515.08,241048259240.15,7.12
33341482926.62,143748761739.02,147564768780.52,15.08	-99941668818.68,219195713230.89,240904748531.58,7.13
30797243119.33,144289712593.17,147539795797.51,15.10	-101674062323.14,218234806850.16,240757234305.05,7.14
28219098638.73,144790952873.56,147515211290.28,15.11	-103397042433.07,217259443144.58,240608840276.91,7.14
25658372701.67,145242527360.14,147491504310.11,15.13	-105110488054.66,216269727227.20,240459580000.50,7.15
23090597134.34,145649457175.67,147468437475.92,15.15	-106814279426.37,215265765209.62,240309467064.15,7.16
20491025178.07,146015004093.03,147445798628.30,15.17	-108508298126.23,214247664182.45,240158515089.28,7.17
17911404050.95,146331912490.55,147424038094.94,15.18	-110192427078.86,213215532195.73,240006737728.42,7.18
15301438504.75,146606381756.69,147402731291.19,15.20	-111866550562.13,212169478239.29,239854148663.31,7.18
12713081103.51,146832968104.89,147382302036.70,15.22	-113530554213.53,211109612223.16,239700761602.97,7.19
10095864761.24,147016108698.00,147362351711.62,15.24	-115184325036.20,210036044957.98,239546590281.80,7.20
7501884951.12,147152176475.90,147343277143.59,15.25	-116827751404.70,208948888135.39,239391648457.69,7.21
4880563588.95,147243842442.44,147324706136.34,15.27	-118495352762.34,207824690973.14,239232629054.55,7.22
2258367067.34,147289523723.10,147306836298.89,15.29	-120117534929.07,206710410442.60,239076171925.99,7.23
-338204323.08,147289449319.24,147289837609.15,15.31	-121763214456.19,205558749929.44,238915633785.77,7.23
-2959781009.55,147243633721.54,147273378365.37,15.33	-123363713430.97,204417812382.02,238757717803.06,7.24
-5579860946.87,147151881542.25,147257635080.87,15.34	-124987028664.08,203239168521.41,238595718644.64,7.25
-8172001579.10,147015807317.72,147242756056.42,15.36	-126565416963.55,202072047191.83,238436400382.69,7.26
-10786748438.64,146832771632.48,147228450943.27,15.38	-128165937225.28,200866906504.20,238272998036.71,7.27
-13397635208.81,146603965519.76,147214874708.05,15.40	-129754780011.23,199648564936.03,238108908730.40,7.28
-16003874380.63,146329470746.10,147202031249.66,15.41	-131331839930.46,198417149041.93,237944147256.14,7.28
-18579211012.43,146012741246.27,147190039364.40,15.43	-132897013128.40,197172786121.05,237778728411.91,7.29
-21173864471.23,145647612080.85,147178665035.05,15.45	-134450197289.49,195915604195.74,237612666999.39,7.30
-23761526846.71,145237116589.26,147168033870.30,15.47	-135991291639.54,194645731990.37,237445977822.03,7.31
-26341418862.68,144781388461.92,147158148916.94,15.49	-137520196947.79,193363298910.07,237278675683.14,7.32
-28912763800.66,144280574292.74,147149013006.66,15.50	-139036815528.55,192068435019.73,237110775384.10,7.33
-31474787696.21,143734833530.51,147140628755.50,15.52	-140541051242.66,190761271022.95,236942291722.45,7.33
-34001752055.95,143150344243.43,147133069701.84,15.54	-142063754445.03,189414323686.50,236769711628.48,7.34
-36542934152.47,142515715819.19,147126188328.01,15.56	-143542679335.68,188082704677.12,236600094229.75,7.35
-39072499266.34,141836713756.46,147120065144.59,15.57	-145008940340.81,186739184062.37,236429938127.65,7.36
-41589686359.41,141113548266.76,147114701902.66,15.59	-146492592691.95,185355535526.51,236255696786.19,7.37
-44093738113.95,140346442138.87,147110100135.58,15.61	-147932989262.00,183988370451.40,236084497105.06,7.38
-46583901123.54,139535630676.21,147106261158.72,15.63	-149390055817.11,182580863889.18,235909221175.35,7.39
-49059426083.08,138681361632.02,147103186069.21,15.65	-150833556555.04,181161518428.53,235733445956.17,7.39
-51519567977.77,137783895142.19,147100875745.76,15.66	-152263402497.87,179730477794.44,235557187087.22,7.40
-53963586271.30,136843503655.84,147099330848.46,15.68	-153679506345.96,178287886203.85,235380460186.86,7.41
-56390745092.92,135860471863.65,147098551818.67,15.70	-155081782476.20,176833888343.65,235203280850.27,7.42
-58800313423.76,134835096623.92,147098538878.93,15.72	-156470146939.98,175368629348.84,235025664647.74,7.43
-61191565282.03,133767686886.36,147099292032.94,15.73	-157844517460.81,173892254780.88,234847627122.80,7.44
-63540617614.06,132669638782.36,147100792456.79,15.75	-159204813431.70,172404910606.18,234669183790.60,7.44
-65893276758.06,131519538907.89,147103069432.48,15.77	-160550955912.24,170906743174.80,234490350136.10,7.45
-68225480475.86,130328399700.32,147106111207.55,15.79	-161909900788.47,169366996328.05,234307480500.56,7.46
-70536524710.12,129096577553.08,147109916912.83,15.81	-163227213374.01,167847409508.34,234127905351.98,7.47
-72825711350.74,127824440537.10,147114485460.69,15.82	-164530144121.33,166317443584.11,233947986451.99,7.48
-75092348414.29,126512368311.18,147119815545.28,15.84	-165844765197.21,164745708141.33,233764057319.14,7.49
-77335750222.46,125160752030.02,147125905642.72,15.86	-167144261157.95,163163476613.05,233579802505.46,7.50
-79555237579.49,123769994250.06,147132754011.43,15.88	-168403022218.34,161602858188.21,233398932445.87,7.51
-81750137948.63,122340508833.02,147140358692.44,15.89	-169672356083.30,160000309280.95,233214080597.33,7.51
-83898639272.73,120887295446.89,147148631907.61,15.91	-170926351804.63,158387734343.35,233028951273.57,7.52
-86042632775.11,119382010152.72,147157735110.92,15.93	-172164941414.79,156765291568.50,232843560557.11,7.53
-88160069733.93,117839301202.80,147167587475.83,15.95	-173388058704.21,155133139343.01,232657924480.63,7.54
-90250305918.97,116259626563.91,147178186180.04,15.97	-174595639214.88,153491436225.77,232472059025.38,7.55
-92312704623.74,114643454992.87,147189528186.11,15.98	-175787620233.53,151840340926.88,232285980119.67,7.56
-94346636835.62,112991265926.48,147201610242.08,16.00	-176987307049.10,150146712625.57,232095976201.13,7.57
-96331969235.37,111320266453.77,147214299645.46,16.02	-178147592900.98,148477129729.23,231909514485.81,7.58
-98307407176.41,109597863802.36,147227844023.44,16.04	-179292100385.42,146798634664.10,231722887086.84,7.58
-100252545324.07,107840939852.61,147242117453.70,16.05	-180443185314.37,145077553390.50,231532372734.72,7.59
-102166787036.59,106050015514.38,147257115834.79,16.07	-181577739053.50,143347534338.19,231341718936.76,7.60
-104031240490.19,104243668729.53,147272677262.68,16.09	-182673944932.68,141642923533.31,231154684019.88,7.61
-105882250809.62,102386666773.26,147289105399.72,16.11	-183775598355.02,139895702739.00,230963802782.14,7.62
-107700632124.05,100497281787.29,147306244967.93,16.13	-184860560512.68,138140047667.71,230772831162.38,7.63
-109468483800.53,98595062220.87,147323912654.82,16.14	-185928781312.03,136376127223.67,230581785483.38,7.64
-111220264777.31,96642905697.45,147342453212.85,16.16	-186980212459.82,134604110259.95,230390681995.58,7.65
-112921094618.61,94679656964.99,147361497864.51,16.18	-188014807452.89,132824165558.28,230199536875.73,7.66
-114604123660.88,92667023677.30,147381418222.54,16.20	-189032521567.79,131036461809.24,230008366225.59,7.66
-116235838169.09,90645054422.24,147401818055.56,16.21	-190033311850.07,129241167592.70,229817186070.64,7.67
-117848039033.01,88574312056.11,147423095409.56,16.23	-191036257941.30,127403030922.55,229622264026.09,7.68
-119408620526.10,86496002035.58,147444827050.95,16.25	-192002744912.90,125592920423.14,229431113222.47,7.69
-120947994736.76,84369588980.66,147467437000.88,16.27	-192970634912.82,123740026738.93,229236254017.57,7.70
-122435503718.74,82237386840.49,147490475506.77,16.28	-193902664874.87,121915785708.07,229045196959.88,7.71
-123900132941.05,80057809904.93,147514392076.11,16.30	-194835349311.57,120048833424.58,228850465911.62,7.72
-125312710426.46,77874230878.58,147538710951.93,16.32	-195750207840.50,118175048342.82,228655824155.93,7.73
-126687339766.09,75666046987.25,147563656513.67,16.34	-196647207845.93,116294607761.10,228461288072.85,7.74
-128036628579.17,73411686457.15,147589477830.92,16.36	-197526318523.68,114407688699.16,228266873950.21,7.75
-129333698033.45,71156011653.45,147615661233.60,16.37	-198387510867.72,112514467879.55,228072597982.55,7.75
-130591559148.86,68877699738.70,147642449323.44,16.39	-199230757656.46,110615121709.47,227878476270.07,7.76
-131809814726.26,66577419152.69,147669834425.33,16.41	-200056033439.00,108709826262.84,227684524817.66,7.77
-132988078499.89,64255845391.59,147697808684.09,16.43	-200878662656.37,106761950510.65,227487035207.40,7.78
-134125975265.44,61913660845.57,147726364066.16,16.44	-201667580408.89,104845177370.67,227293475942.14,7.79
